[
    {
        "id": 1,
        "Name": "Slime",
        "Hp": 45,
        "Mp": 5,
        "Stamina": 87,
        "Defense": 2,
        "Phys_Atk": 3,
        "Mag_Atk": 1,
        "Speed": 110,
        "Intelligence": 65,
        "type": "slime",
        "habitat": "forest"
    },
    {
        "id": 2,
        "Name": "Big_Slime",
        "Hp": 75,
        "Mp": 55,
        "Stamina": 115,
        "Defense": 5,
        "Phys_Atk": 5,
        "Mag_Atk": 2,
        "Speed": 85,
        "Intelligence": 95,
        "type": "slime",
        "habitat": "forest"
    },
    {
        "id": 3,
        "Name": "Fire_Chicken",
        "Hp": 35,
        "Mp": 55,
        "Stamina": 45,
        "Defense": 2,
        "Phys_Atk": 3,
        "Mag_Atk": 4,
        "Speed": 100,
        "Intelligence": 75,
        "type": "chicken",
        "habitat": "desert"
    },
    {
        "id": 4,
        "Name": "Forest_Viper",
        "Hp": 55,
        "Mp": 10,
        "Stamina": 123,
        "Defense": 4,
        "Phys_Atk": 5,
        "Mag_Atk": 1,
        "Speed": 130,
        "Intelligence": 60,
        "type": "snake",
        "habitat": "forest"
    },
    {
        "id": 5,
        "Name": "Mermaid",
        "Hp": 130,
        "Mp": 400,
        "Stamina": 180,
        "Defense": 13,
        "Phys_Atk": 3,
        "Mag_Atk": 11,
        "Speed": 150,
        "Intelligence": 100,
        "type": "humanoid",
        "habitat": "ocean"
    },
    {
        "id": 6,
        "Name": "Dart_Fish",
        "Hp": 30,
        "Mp": 45,
        "Stamina": 80,
        "Defense": 5,
        "Phys_Atk": 1,
        "Mag_Atk": 3,
        "Speed": 160,
        "Intelligence": 100,
        "type": "fish",
        "habitat": "ocean"
    },
    {
        "id": 7,
        "Name": "Grass_Rabbit",
        "Hp": 40,
        "Mp": 80,
        "Stamina": 60,
        "Defense": 1,
        "Phys_Atk": 1,
        "Mag_Atk": 5,
        "Speed": 160,
        "Intelligence": 80,
        "type": "rabbit",
        "habitat": "forest"
    },
    {
        "id": 8,
        "Name": "Vine_Cow",
        "Hp": 80,
        "Mp": 30,
        "Stamina": 100,
        "Defense": 7,
        "Phys_Atk": 1,
        "Mag_Atk": 1,
        "Speed": 100,
        "Intelligence": 60,
        "type": "four_legged",
        "habitat": "forest"
    },
    {
        "id": 9,
        "Name": "Fallen",
        "Hp": 450,
        "Mp": 500,
        "Stamina": 300,
        "Defense": 50,
        "Phys_Atk": 8,
        "Mag_Atk": 14,
        "Speed": 160,
        "Intelligence": 115,
        "type": "humanoid",
        "habitat": "hall"
    },
    {
        "id": 10,
        "Name": "Eternal_Dragon",
        "Hp": 10000,
        "Mp": 1200,
        "Stamina": 3000,
        "Defense": 250,
        "Phys_Atk": 100,
        "Mag_Atk": 100,
        "Speed": 120,
        "Intelligence": 130,
        "type": "flying",
        "habitat": "hall"
    },
    {
        "id": 11,
        "Name": "Digger_Serpent",
        "Hp": 200,
        "Mp": 50,
        "Stamina": 300,
        "Defense": 10,
        "Phys_Atk": 10,
        "Mag_Atk": 4,
        "Speed": 120,
        "Intelligence": 50,
        "type": "snake",
        "habitat": "plains"
    },
    {
        "id": 12,
        "Name": "Wyvern",
        "Hp": 800,
        "Mp": 60,
        "Stamina": 400,
        "Defense": 55,
        "Phys_Atk": 65,
        "Mag_Atk": 5,
        "Speed": 180,
        "Intelligence": 90,
        "type": "flying",
        "habitat": "all"
    }
]