[
    {
        "id": 1,
        "name": "wood_sword",
        "description": "A sword made of wood.",
        "base attack damage": 2,
        "base durability": 10,
        "base range": 65,
        "magical": false,
        "magic type": "none",
        "enchantability": 100
    },
    {
        "id": 2,
        "name": "wood_dagger",
        "description": "A dagger made of wood.",
        "base attack damage": 4,
        "base durability": 20,
        "base range": 40,
        "magical": false,
        "magic type": "none",
        "enchantability": 100
    },
    {
        "id": 3,
        "name": "wood_spear",
        "description": "A spear made of wood.",
        "base attack damage": 6,
        "base durability": 30,
        "base range": 90,
        "magical": false,
        "magic type": "none",
        "enchantability": 100
    },
    {
        "id": 4,
        "name": "wood_bow",
        "description": "A bow made of wood.",
        "base attack damage": 8,
        "base durability": 40,
        "base range": 450,
        "magical": false,
        "magic type": "none",
        "enchantability": 100
    },
    {
        "id": 5,
        "name": "wood_staff",
        "description": "A staff made of wood.",
        "base attack damage": 10,
        "base durability": 50,
        "base range": 100,
        "magical": true,
        "magic type": "all",
        "enchantability": 100
    },
    {
        "id": 6,
        "name": "wood_wand",
        "description": "A wand made of wood.",
        "base attack damage": 12,
        "base durability": 60,
        "base range": 100,
        "magical": true,
        "magic type": "all",
        "enchantability": 100
    },
    {
        "id": 7,
        "name": "wood_scepter",
        "description": "A scepter made of wood.",
        "base attack damage": 14,
        "base durability": 70,
        "base range": 100,
        "magical": true,
        "magic type": "all",
        "enchantability": 100
    },
    {
        "id": 8,
        "name": "wood_tome",
        "description": "A tome made of wood.",
        "base attack damage": 16,
        "base durability": 80,
        "base range": 100,
        "magical": true,
        "magic type": "all",
        "enchantability": 100
    },
    {
        "id": 9,
        "name": "iron_sword",
        "description": "A sword made of iron.",
        "base attack damage": 18,
        "base durability": 90,
        "base range": 65,
        "magical": false,
        "magic type": "none",
        "enchantability": 80
    },
    {
        "id": 10,
        "name": "iron_dagger",
        "description": "A dagger made of iron.",
        "base attack damage": 20,
        "base durability": 100,
        "base range": 40,
        "magical": false,
        "magic type": "none",
        "enchantability": 80
    },
    {
        "id": 11,
        "name": "iron_spear",
        "description": "A spear made of iron.",
        "base attack damage": 22,
        "base durability": 110,
        "base range": 90,
        "magical": false,
        "magic type": "none",
        "enchantability": 80
    },
    {
        "id": 12,
        "name": "iron_bow",
        "description": "A bow made of iron.",
        "base attack damage": 24,
        "base durability": 120,
        "base range": 450,
        "magical": false,
        "magic type": "none",
        "enchantability": 80
    },
    {
        "id": 13,
        "name": "iron_staff",
        "description": "A staff made of iron.",
        "base attack damage": 26,
        "base durability": 130,
        "base range": 100,
        "magical": true,
        "magic type": "all",
        "enchantability": 80
    },
    {
        "id": 14,
        "name": "iron_wand",
        "description": "A wand made of iron.",
        "base attack damage": 28,
        "base durability": 140,
        "base range": 100,
        "magical": true,
        "magic type": "all",
        "enchantability": 80
    },
    {
        "id": 15,
        "name": "iron_scepter",
        "description": "A scepter made of iron.",
        "base attack damage": 30,
        "base durability": 150,
        "base range": 100,
        "magical": true,
        "magic type": "all",
        "enchantability": 80
    },
    {
        "id": 16,
        "name": "iron_tome",
        "description": "A tome made of iron.",
        "base attack damage": 32,
        "base durability": 160,
        "base range": 100,
        "magical": true,
        "magic type": "all",
        "enchantability": 80
    },
    {
        "id": 17,
        "name": "platinum_sword",
        "description": "A sword made of platinum.",
        "base attack damage": 34,
        "base durability": 170,
        "base range": 65,
        "magical": false,
        "magic type": "none",
        "enchantability": 80
    },
    {
        "id": 18,
        "name": "platinum_dagger",
        "description": "A dagger made of platinum.",
        "base attack damage": 36,
        "base durability": 180,
        "base range": 40,
        "magical": false,
        "magic type": "none",
        "enchantability": 80
    },
    {
        "id": 19,
        "name": "platinum_spear",
        "description": "A spear made of platinum.",
        "base attack damage": 38,
        "base durability": 190,
        "base range": 90,
        "magical": false,
        "magic type": "none",
        "enchantability": 80
    },
    {
        "id": 20,
        "name": "platinum_bow",
        "description": "A bow made of platinum.",
        "base attack damage": 40,
        "base durability": 200,
        "base range": 450,
        "magical": false,
        "magic type": "none",
        "enchantability": 80
    },
    {
        "id": 21,
        "name": "platinum_staff",
        "description": "A staff made of platinum.",
        "base attack damage": 42,
        "base durability": 210,
        "base range": 100,
        "magical": true,
        "magic type": "all",
        "enchantability": 80
    },
    {
        "id": 22,
        "name": "platinum_wand",
        "description": "A wand made of platinum.",
        "base attack damage": 44,
        "base durability": 220,
        "base range": 100,
        "magical": true,
        "magic type": "all",
        "enchantability": 80
    },
    {
        "id": 23,
        "name": "platinum_scepter",
        "description": "A scepter made of platinum.",
        "base attack damage": 46,
        "base durability": 230,
        "base range": 100,
        "magical": true,
        "magic type": "all",
        "enchantability": 80
    },
    {
        "id": 24,
        "name": "platinum_tome",
        "description": "A tome made of platinum.",
        "base attack damage": 48,
        "base durability": 240,
        "base range": 100,
        "magical": true,
        "magic type": "all",
        "enchantability": 80
    },
    {
        "id": 25,
        "name": "titanium_sword",
        "description": "A sword made of titanium.",
        "base attack damage": 50,
        "base durability": 250,
        "base range": 65,
        "magical": false,
        "magic type": "none",
        "enchantability": 80
    },
    {
        "id": 26,
        "name": "titanium_dagger",
        "description": "A dagger made of titanium.",
        "base attack damage": 52,
        "base durability": 260,
        "base range": 40,
        "magical": false,
        "magic type": "none",
        "enchantability": 80
    },
    {
        "id": 27,
        "name": "titanium_spear",
        "description": "A spear made of titanium.",
        "base attack damage": 54,
        "base durability": 270,
        "base range": 90,
        "magical": false,
        "magic type": "none",
        "enchantability": 80
    },
    {
        "id": 28,
        "name": "titanium_bow",
        "description": "A bow made of titanium.",
        "base attack damage": 56,
        "base durability": 280,
        "base range": 450,
        "magical": false,
        "magic type": "none",
        "enchantability": 80
    },
    {
        "id": 29,
        "name": "titanium_staff",
        "description": "A staff made of titanium.",
        "base attack damage": 58,
        "base durability": 290,
        "base range": 100,
        "magical": true,
        "magic type": "all",
        "enchantability": 80
    },
    {
        "id": 30,
        "name": "titanium_wand",
        "description": "A wand made of titanium.",
        "base attack damage": 60,
        "base durability": 300,
        "base range": 100,
        "magical": true,
        "magic type": "all",
        "enchantability": 80
    },
    {
        "id": 31,
        "name": "titanium_scepter",
        "description": "A scepter made of titanium.",
        "base attack damage": 62,
        "base durability": 310,
        "base range": 100,
        "magical": true,
        "magic type": "all",
        "enchantability": 80
    },
    {
        "id": 32,
        "name": "titanium_tome",
        "description": "A tome made of titanium.",
        "base attack damage": 64,
        "base durability": 320,
        "base range": 100,
        "magical": true,
        "magic type": "all",
        "enchantability": 80
    },
    {
        "id": 33,
        "name": "orichalcum_sword",
        "description": "A sword made of orichalcum.",
        "base attack damage": 66,
        "base durability": 330,
        "base range": 65,
        "magical": false,
        "magic type": "none",
        "enchantability": 80
    },
    {
        "id": 34,
        "name": "orichalcum_dagger",
        "description": "A dagger made of orichalcum.",
        "base attack damage": 68,
        "base durability": 340,
        "base range": 40,
        "magical": false,
        "magic type": "none",
        "enchantability": 80
    },
    {
        "id": 35,
        "name": "orichalcum_spear",
        "description": "A spear made of orichalcum.",
        "base attack damage": 70,
        "base durability": 350,
        "base range": 90,
        "magical": false,
        "magic type": "none",
        "enchantability": 80
    },
    {
        "id": 36,
        "name": "orichalcum_bow",
        "description": "A bow made of orichalcum.",
        "base attack damage": 72,
        "base durability": 360,
        "base range": 450,
        "magical": false,
        "magic type": "none",
        "enchantability": 80
    },
    {
        "id": 37,
        "name": "orichalcum_staff",
        "description": "A staff made of orichalcum.",
        "base attack damage": 74,
        "base durability": 370,
        "base range": 100,
        "magical": true,
        "magic type": "all",
        "enchantability": 80
    },
    {
        "id": 38,
        "name": "orichalcum_wand",
        "description": "A wand made of orichalcum.",
        "base attack damage": 76,
        "base durability": 380,
        "base range": 100,
        "magical": true,
        "magic type": "all",
        "enchantability": 80
    },
    {
        "id": 39,
        "name": "orichalcum_scepter",
        "description": "A scepter made of orichalcum.",
        "base attack damage": 78,
        "base durability": 390,
        "base range": 100,
        "magical": true,
        "magic type": "all",
        "enchantability": 80
    },
    {
        "id": 40,
        "name": "orichalcum_tome",
        "description": "A tome made of orichalcum.",
        "base attack damage": 80,
        "base durability": 400,
        "base range": 100,
        "magical": true,
        "magic type": "all",
        "enchantability": 80
    },
    {
        "id": 41,
        "name": "mythium_sword",
        "description": "A sword made of mythium.",
        "base attack damage": 82,
        "base durability": 410,
        "base range": 65,
        "magical": false,
        "magic type": "none",
        "enchantability": 80
    },
    {
        "id": 42,
        "name": "mythium_dagger",
        "description": "A dagger made of mythium.",
        "base attack damage": 84,
        "base durability": 420,
        "base range": 40,
        "magical": false,
        "magic type": "none",
        "enchantability": 80
    },
    {
        "id": 43,
        "name": "mythium_spear",
        "description": "A spear made of mythium.",
        "base attack damage": 86,
        "base durability": 430,
        "base range": 90,
        "magical": false,
        "magic type": "none",
        "enchantability": 80
    },
    {
        "id": 44,
        "name": "mythium_bow",
        "description": "A bow made of mythium.",
        "base attack damage": 88,
        "base durability": 440,
        "base range": 450,
        "magical": false,
        "magic type": "none",
        "enchantability": 80
    },
    {
        "id": 45,
        "name": "mythium_staff",
        "description": "A staff made of mythium.",
        "base attack damage": 90,
        "base durability": 450,
        "base range": 100,
        "magical": true,
        "magic type": "all",
        "enchantability": 80
    },
    {
        "id": 46,
        "name": "mythium_wand",
        "description": "A wand made of mythium.",
        "base attack damage": 92,
        "base durability": 460,
        "base range": 100,
        "magical": true,
        "magic type": "all",
        "enchantability": 80
    },
    {
        "id": 47,
        "name": "mythium_scepter",
        "description": "A scepter made of mythium.",
        "base attack damage": 94,
        "base durability": 470,
        "base range": 100,
        "magical": true,
        "magic type": "all",
        "enchantability": 80
    },
    {
        "id": 48,
        "name": "mythium_tome",
        "description": "A tome made of mythium.",
        "base attack damage": 96,
        "base durability": 480,
        "base range": 100,
        "magical": true,
        "magic type": "all",
        "enchantability": 80
    },
    {
        "id": 49,
        "name": "odel_sword",
        "description": "A sword made of odel.",
        "base attack damage": 98,
        "base durability": 490,
        "base range": 65,
        "magical": false,
        "magic type": "none",
        "enchantability": 80
    },
    {
        "id": 50,
        "name": "odel_dagger",
        "description": "A dagger made of odel.",
        "base attack damage": 100,
        "base durability": 500,
        "base range": 40,
        "magical": false,
        "magic type": "none",
        "enchantability": 80
    },
    {
        "id": 51,
        "name": "odel_spear",
        "description": "A spear made of odel.",
        "base attack damage": 102,
        "base durability": 510,
        "base range": 90,
        "magical": false,
        "magic type": "none",
        "enchantability": 80
    },
    {
        "id": 52,
        "name": "odel_bow",
        "description": "A bow made of odel.",
        "base attack damage": 104,
        "base durability": 520,
        "base range": 450,
        "magical": false,
        "magic type": "none",
        "enchantability": 80
    },
    {
        "id": 53,
        "name": "odel_staff",
        "description": "A staff made of odel.",
        "base attack damage": 106,
        "base durability": 530,
        "base range": 100,
        "magical": true,
        "magic type": "all",
        "enchantability": 80
    },
    {
        "id": 54,
        "name": "odel_wand",
        "description": "A wand made of odel.",
        "base attack damage": 108,
        "base durability": 540,
        "base range": 100,
        "magical": true,
        "magic type": "all",
        "enchantability": 80
    },
    {
        "id": 55,
        "name": "odel_scepter",
        "description": "A scepter made of odel.",
        "base attack damage": 110,
        "base durability": 550,
        "base range": 100,
        "magical": true,
        "magic type": "all",
        "enchantability": 80
    },
    {
        "id": 56,
        "name": "odel_tome",
        "description": "A tome made of odel.",
        "base attack damage": 112,
        "base durability": 560,
        "base range": 100,
        "magical": true,
        "magic type": "all",
        "enchantability": 80
    },
    {
        "id": 57,
        "name": "accursed_sword",
        "description": "A sword made of accursed.",
        "base attack damage": 114,
        "base durability": 570,
        "base range": 65,
        "magical": false,
        "magic type": "none",
        "enchantability": 80
    },
    {
        "id": 58,
        "name": "accursed_dagger",
        "description": "A dagger made of accursed.",
        "base attack damage": 116,
        "base durability": 580,
        "base range": 40,
        "magical": false,
        "magic type": "none",
        "enchantability": 80
    },
    {
        "id": 59,
        "name": "accursed_spear",
        "description": "A spear made of accursed.",
        "base attack damage": 118,
        "base durability": 590,
        "base range": 90,
        "magical": false,
        "magic type": "none",
        "enchantability": 80
    },
    {
        "id": 60,
        "name": "accursed_bow",
        "description": "A bow made of accursed.",
        "base attack damage": 120,
        "base durability": 600,
        "base range": 450,
        "magical": false,
        "magic type": "none",
        "enchantability": 80
    },
    {
        "id": 61,
        "name": "accursed_staff",
        "description": "A staff made of accursed.",
        "base attack damage": 122,
        "base durability": 610,
        "base range": 100,
        "magical": true,
        "magic type": "all",
        "enchantability": 80
    },
    {
        "id": 62,
        "name": "accursed_wand",
        "description": "A wand made of accursed.",
        "base attack damage": 124,
        "base durability": 620,
        "base range": 100,
        "magical": true,
        "magic type": "all",
        "enchantability": 80
    },
    {
        "id": 63,
        "name": "accursed_scepter",
        "description": "A scepter made of accursed.",
        "base attack damage": 126,
        "base durability": 630,
        "base range": 100,
        "magical": true,
        "magic type": "all",
        "enchantability": 80
    },
    {
        "id": 64,
        "name": "accursed_tome",
        "description": "A tome made of accursed.",
        "base attack damage": 128,
        "base durability": 640,
        "base range": 100,
        "magical": true,
        "magic type": "all",
        "enchantability": 80
    },
    {
        "id": 65,
        "name": "mystium_sword",
        "description": "A sword made of mystium.",
        "base attack damage": 130,
        "base durability": 650,
        "base range": 65,
        "magical": false,
        "magic type": "none",
        "enchantability": 80
    },
    {
        "id": 66,
        "name": "mystium_dagger",
        "description": "A dagger made of mystium.",
        "base attack damage": 132,
        "base durability": 660,
        "base range": 40,
        "magical": false,
        "magic type": "none",
        "enchantability": 80
    },
    {
        "id": 67,
        "name": "mystium_spear",
        "description": "A spear made of mystium.",
        "base attack damage": 134,
        "base durability": 670,
        "base range": 90,
        "magical": false,
        "magic type": "none",
        "enchantability": 80
    },
    {
        "id": 68,
        "name": "mystium_bow",
        "description": "A bow made of mystium.",
        "base attack damage": 136,
        "base durability": 680,
        "base range": 450,
        "magical": false,
        "magic type": "none",
        "enchantability": 80
    },
    {
        "id": 69,
        "name": "mystium_staff",
        "description": "A staff made of mystium.",
        "base attack damage": 138,
        "base durability": 690,
        "base range": 100,
        "magical": true,
        "magic type": "all",
        "enchantability": 80
    },
    {
        "id": 70,
        "name": "mystium_wand",
        "description": "A wand made of mystium.",
        "base attack damage": 140,
        "base durability": 700,
        "base range": 100,
        "magical": true,
        "magic type": "all",
        "enchantability": 80
    },
    {
        "id": 71,
        "name": "mystium_scepter",
        "description": "A scepter made of mystium.",
        "base attack damage": 142,
        "base durability": 710,
        "base range": 100,
        "magical": true,
        "magic type": "all",
        "enchantability": 80
    },
    {
        "id": 72,
        "name": "mystium_tome",
        "description": "A tome made of mystium.",
        "base attack damage": 144,
        "base durability": 720,
        "base range": 100,
        "magical": true,
        "magic type": "all",
        "enchantability": 80
    },
    {
        "id": 73,
        "name": "great_sword",
        "description": "A sword made of great.",
        "base attack damage": 146,
        "base durability": 730,
        "base range": 65,
        "magical": false,
        "magic type": "none",
        "enchantability": 80
    },
    {
        "id": 74,
        "name": "great_dagger",
        "description": "A dagger made of great.",
        "base attack damage": 148,
        "base durability": 740,
        "base range": 40,
        "magical": false,
        "magic type": "none",
        "enchantability": 80
    },
    {
        "id": 75,
        "name": "great_spear",
        "description": "A spear made of great.",
        "base attack damage": 150,
        "base durability": 750,
        "base range": 90,
        "magical": false,
        "magic type": "none",
        "enchantability": 80
    },
    {
        "id": 76,
        "name": "great_bow",
        "description": "A bow made of great.",
        "base attack damage": 152,
        "base durability": 760,
        "base range": 450,
        "magical": false,
        "magic type": "none",
        "enchantability": 80
    },
    {
        "id": 77,
        "name": "great_staff",
        "description": "A staff made of great.",
        "base attack damage": 154,
        "base durability": 770,
        "base range": 100,
        "magical": true,
        "magic type": "all",
        "enchantability": 80
    },
    {
        "id": 78,
        "name": "great_wand",
        "description": "A wand made of great.",
        "base attack damage": 156,
        "base durability": 780,
        "base range": 100,
        "magical": true,
        "magic type": "all",
        "enchantability": 80
    },
    {
        "id": 79,
        "name": "great_scepter",
        "description": "A scepter made of great.",
        "base attack damage": 158,
        "base durability": 790,
        "base range": 100,
        "magical": true,
        "magic type": "all",
        "enchantability": 80
    },
    {
        "id": 80,
        "name": "great_tome",
        "description": "A tome made of great.",
        "base attack damage": 160,
        "base durability": 800,
        "base range": 100,
        "magical": true,
        "magic type": "all",
        "enchantability": 80
    },
    {
        "id": 81,
        "name": "divine_sword",
        "description": "A sword made of divine.",
        "base attack damage": 162,
        "base durability": 810,
        "base range": 65,
        "magical": false,
        "magic type": "none",
        "enchantability": 60
    },
    {
        "id": 82,
        "name": "divine_dagger",
        "description": "A dagger made of divine.",
        "base attack damage": 164,
        "base durability": 820,
        "base range": 40,
        "magical": false,
        "magic type": "none",
        "enchantability": 60
    },
    {
        "id": 83,
        "name": "divine_spear",
        "description": "A spear made of divine.",
        "base attack damage": 166,
        "base durability": 830,
        "base range": 90,
        "magical": false,
        "magic type": "none",
        "enchantability": 60
    },
    {
        "id": 84,
        "name": "divine_bow",
        "description": "A bow made of divine.",
        "base attack damage": 168,
        "base durability": 840,
        "base range": 450,
        "magical": false,
        "magic type": "none",
        "enchantability": 60
    },
    {
        "id": 85,
        "name": "divine_staff",
        "description": "A staff made of divine.",
        "base attack damage": 170,
        "base durability": 850,
        "base range": 100,
        "magical": true,
        "magic type": "all",
        "enchantability": 60
    },
    {
        "id": 86,
        "name": "divine_wand",
        "description": "A wand made of divine.",
        "base attack damage": 172,
        "base durability": 860,
        "base range": 100,
        "magical": true,
        "magic type": "all",
        "enchantability": 60
    },
    {
        "id": 87,
        "name": "divine_scepter",
        "description": "A scepter made of divine.",
        "base attack damage": 174,
        "base durability": 870,
        "base range": 100,
        "magical": true,
        "magic type": "all",
        "enchantability": 60
    },
    {
        "id": 88,
        "name": "divine_tome",
        "description": "A tome made of divine.",
        "base attack damage": 176,
        "base durability": 880,
        "base range": 100,
        "magical": true,
        "magic type": "all",
        "enchantability": 60
    }
]